bpm,pace,time,dist_quater,count_quater,point_quater,steps_quater,PAI_quater,puls_quater,gap,temperature
149,357,4305,372590,27,4.2,1160574,194,60,2,20
147,363,4403,372480,27,4,1172636,195,60,4,21
149,366,4468,372320,27,3.8,1184919,196,60,3,24
153,374,5205,381430,27,3.8,1189566,196,60,2,29
151,356,6564,363030,26,3.7,1181979,195,60,3,22
152,352,4318,363330,26,3.5,1174499,194,60,2,23
156,366,7790,363050,26,3.6,1177586,192,60,2,30
150,361,5635,358950,26,3.3,1171106,191,60,2,22
150,371,4484,346880,25,3.2,1154842,190,60,4,31
150,363,4385,346830,25,3.1,1169463,189,60,3,24
151,369,5547,343840,25,3.1,1172885,189,60,2,24
151,375,4568,343870,25,3,1178666,189,60,3,31
151,376,3023,335850,24,3,1184117,188,60,2,35
159,385,6185,331830,24,3.1,1183908,187,60,2,39
155,381,4591,331810,24,3.2,1184167,189,60,7,35
153,428,4708,360860,26,3.3,1188380,192,60,9,29
153,367,4436,370970,26,3.2,1199133,193,60,3,26
152,367,5898,366930,26,3,1199641,193,60,2,26
146,369,4448,354900,25,2.8,1182219,192,60,3,29
150,371,5960,358420,25,2.6,1192018,191,60,3,31
149,372,4497,358410,25,2.4,1171163,189,60,2,28
155,387,6202,342400,24,2.4,1157641,187,60,4,33
148,366,4409,342410,24,2.2,1168751,184,60,3,25
149,361,4341,342420,24,2,1153208,182,60,2,26
153,373,5981,326410,23,1.9,1149192,181,60,2,30
157,373,4497,326420,23,1.9,1161124,180,60,4,38
154,382,6201,322320,23,1.8,1145464,181,60,8,33
154,383,6137,330200,24,1.7,1119786,178,60,3,32
153,373,4485,331190,24,1.6,1117217,178,60,4,28
153,379,4556,331110,24,1.6,1106670,176,60,4,33
154,382,8816,308090,23,1.5,1081168,173,60,3,23
155,371,4670,309420,23,1.5,1086152,172,60,3,28
150,384,8069,298430,23,1.3,1101833,172,60,2,29
155,390,4485,297200,23,1.4,1112775,172,60,5,30
151,378,4542,297130,23,1.3,1124641,175,60,4,21
150,387,4665,307750,24,0.7,1144679,172,60,3,19
151,386,4712,295560,23,0.6,1120930,168,60,4,21
152,385,4590,283560,22,0.5,1102824,163,60,3,21
152,389,4682,271550,21,0.4,1090500,159,60,3,22
153,396,6361,255520,20,0.4,1062342,154,60,2,22
151,398,4792,243510,19,0.4,1044652,152,60,2,16
149,394,4743,231510,18,0.2,1041146,151,60,9,14
154,402,8922,209350,17,0.2,969876,142,61,3,20
150,398,4790,203860,17,0.1,962151,139,61,4,15
155,397,8678,184280,16,0.1,940936,134,61,2,20
154,394,4745,172270,15,0.1,926507,132,61,7,17
152,389,4694,160240,14,0,927324,128,61,3,24
154,384,4627,148220,13,-0.1,922877,126,61,4,21
153,392,4736,136170,12,-0.2,894292,122,61,3,23
154,394,4783,124060,11,-0.2,895700,119,61,3,15
153,400,4815,120090,11,-0.1,881103,117,61,7,11
152,395,4708,108200,10,-0.2,874087,106,61,3,19
152,398,5187,95200,9,-0.3,850002,100,61,2,15
148,402,4806,83270,8,-0.7,842841,98,61,8,9
151,400,5567,69380,7,-1,821406,91,61,4,17
148,406,4069,59370,6,-1.5,802376,89,62,2,17
147,408,4181,49130,5,-2.2,775096,88,62,4,14
152,397,4753,48510,5,-2.4,752109,85,62,2,12
151,401,4672,36870,4,-3.2,730438,84,62,2,15
164,428,4719,25860,3,-0.3,713014,86,61,29,15
150,415,2708,154130,14,2.7,838233,118,61,27,18
149,414,3331,239710,21,1.6,928903,139,60,27,-1
150,413,4685,294100,25,1.9,941150,151,60,8,13
148,400,4811,310070,26,1.6,967339,146,60,2,17
148,399,4522,298740,25,1.5,963732,146,61,3,4
155,375,3753,301970,25,1.5,985522,145,61,3,13
148,389,3765,307570,25,1.4,991695,144,61,3,9
147,398,4624,295970,24,1.3,993455,143,61,2,6
148,393,4718,300000,24,1,1000041,141,61,2,9
158,369,3699,299190,24,0.9,1001182,138,61,3,18
145,415,4780,287700,23,0.8,1006600,133,62,2,14
147,394,4399,276560,22,0.6,1013022,129,62,2,15
146,403,4790,264700,21,0.5,999437,125,62,3,10
146,399,4812,252660,20,0.3,983031,121,62,2,15
148,399,4675,240970,19,0.1,981845,119,62,3,22
148,400,4177,230550,18,0,980628,119,62,2,23
148,416,4871,226950,18,0.1,988051,118,62,2,18
149,417,4909,231190,18,0.2,997554,119,62,3,24
150,414,5026,234830,18,0.4,991987,117,62,3,19
150,423,4817,237640,18,0.1,997271,114,62,2,25
150,424,5322,225110,17,0.2,1009920,112,62,7,23
148,426,5089,228720,17,0,1017961,111,62,1,18
150,431,5092,216920,16,0.2,1011637,111,62,22,15
146,407,4749,277660,20,0.2,1138057,127,62,3,16
146,410,4757,266080,19,0,1154157,125,62,3,20
145,416,4745,270490,19,-0.1,1164036,120,62,2,31
145,416,6455,254980,18,-0.3,1158513,117,62,2,19
153,393,6131,239400,17,-0.4,1143951,115,62,2,31
154,403,6462,223400,16,-0.4,1139614,115,62,4,30
156,401,4812,227200,16,-0.2,1137768,117,62,6,33
155,384,5086,245610,17,-0.4,1160758,115,62,3,27
154,396,6052,230360,16,-0.4,1153455,113,62,5,25
157,402,6439,214360,15,-0.3,1137089,114,61,3,28
153,416,3831,220830,15,-0.1,1157024,115,61,16,37
149,391,3168,259490,17,-0.7,1152292,122,61,2,31
155,385,6174,243490,16,-0.8,1133177,119,61,2,26
150,389,6144,227730,15,-1.1,1125975,118,61,4,26
162,401,5684,229360,15,-0.7,1123101,120,61,9,31
158,406,6329,228810,15,-0.6,1090564,123,61,3,32
154,394,6308,227810,15,-0.8,1095948,122,61,5,25
152,396,6249,212070,14,-0.9,1063858,122,61,6,26
157,399,7453,193410,13,-0.9,1042574,118,61,2,30
148,402,4640,181870,12,-1.1,1018797,118,61,7,22
153,388,4052,202000,13,-1.3,1007112,121,61,5,26
152,407,6445,201430,13,-1.5,963436,124,61,11,19
152,395,6242,200940,13,-2,976863,129,61,3,18
156,395,6188,201040,13,-2.3,995049,127,61,4,22
156,406,6513,185030,12,-2.2,969368,124,61,9,20
152,408,6395,169370,11,-2.4,941433,114,61,3,18
157,419,6591,153670,10,-2.2,899857,114,62,9,26
153,408,6146,169598,11,-2.3,920111,110,62,2,17
146,445,7131,153588,10,-2.4,899453,110,62,11,19
148,428,6778,168168,11,-3.1,872719,112,62,6,11
145,461,6926,153168,10,-3.1,854708,108,62,5,29
143,463,6952,138168,9,-3.3,847747,109,62,16,13
142,466,7258,160568,11,-4.2,913803,106,62,5,11
141,469,7050,145568,10,-4.5,892605,103,63,4,18
144,463,7063,145348,10,-5.2,908046,102,63,9,19
147,460,7049,130058,9,-5.3,875903,92,63,7,10
145,474,7471,114328,8,-5.4,827397,89,63,17,9
145,459,6990,114100,8,-5.6,817260,94,63,5,12
139,483,7610,113370,8,-5.6,802657,95,63,10,9
148,456,7012,159380,11,-4.1,843939,96,63,4,7
144,488,7331,144360,10,-3.9,835109,98,63,15,13
142,459,5254,191970,13,-3.4,912931,101,63,8,1
141,488,5450,219710,15,-3.3,925296,107,63,5,13
141,540,8334,228423,16,-2.8,922965,106,62,10,10
143,511,7683,256824,19,-3,974896,109,62,31,5
139,495,7431,338713,25,-3.1,1118052,126,61,4,14
140,478,7181,336698,25,-3.2,1141123,126,61,4,13
139,484,7272,336619,25,-3.1,1148583,129,61,2,14
140,466,6994,337823,25,-3.2,1153950,130,60,4,16
140,476,7175,345999,27,-3.1,1181615,127,60,3,16
141,470,7682,329679,26,-3.2,1157149,123,60,5,21
140,468,7447,313799,25,-3.3,1149439,117,60,3,15
143,441,5812,300639,24,-3.4,1124033,112,60,4,19
140,489,7350,285639,23,-3.4,1086534,107,60,3,22
140,492,7393,270639,22,-3.4,1044803,104,60,6,24
143,464,4775,260359,21,-3.4,1084452,99,60,2,27
140,495,7437,245349,20,-3.4,1069358,99,60,3,22
141,477,6495,253013,20,-3.1,1078947,101,60,2,28
139,479,6069,249870,20,-3.4,1066775,101,60,2,26
139,503,5768,259698,20,-3,1071872,102,60,3,28
138,478,4797,258081,20,-3,1077301,105,60,3,27
139,484,5000,269017,20,-3,1055282,108,61,3,19
140,515,5955,268301,20,-2.7,1056579,111,61,2,27
139,527,6068,268801,20,-2.3,1053645,112,61,4,23
146,439,5889,266871,20,-2.4,1040024,114,61,2,26
149,437,6716,272778,20,-2.4,1028900,115,61,4,31
143,474,5390,276426,20,-2.3,1019970,118,61,3,33
163,427,9372,254525,19,-1.8,1004240,121,61,6,33
149,423,3670,277502,20,-1.8,1010835,123,61,3,23
147,452,8168,274465,20,-1.9,997064,126,61,10,21
159,392,3218,290468,21,-2.2,1056764,136,61,2,36
147,460,5983,298737,21,-1.8,1052654,138,61,6,34
151,422,6303,313155,22,-2,1043244,141,62,2,30
142,469,7607,296951,21,-2,1032143,141,62,2,23
145,468,5608,299995,21,-2.1,1031634,143,62,1,25
143,451,3266,292757,20,-2.2,1021169,144,62,1,22
141,449,1810,298765,20,-2.5,1029396,145,62,28,27
157,369,7861,349438,24,-3.8,1059194,173,63,2,28
143,492,4681,339931,23,-3.6,1055426,174,63,2,29
160,355,7564,339915,23,-4.2,1053287,176,63,3,25
144,446,3756,346519,23,-4.7,1060757,173,63,30,31
160,349,7438,325265,22,-4.7,1052276,171,63,4,26
145,455,4945,314421,21,-4.7,1037388,168,63,3,27
166,347,4176,321865,21,-4.8,1049927,166,63,2,31
166,350,4015,310407,20,-4.8,1038456,164,63,4,29
160,351,7472,304160,20,-4.8,1047409,163,63,3,27
168,349,5245,289155,19,-4.8,1033329,163,64,5,28
169,349,5949,295233,20,-5.4,1045255,160,64,3,28
161,372,5444,280603,19,-5.4,1032263,158,64,4,27
168,354,5314,265593,18,-5.5,1043520,157,64,6,26
161,410,5006,282944,19,-5.9,1029901,158,64,4,21
166,357,4288,270943,18,-6.1,1000977,156,64,3,20
165,344,7323,264760,18,-7,1010084,152,64,4,15
170,339,4870,250430,17,-7.3,1015816,146,64,2,18
169,339,5091,235421,16,-7.6,1003164,143,64,3,17
173,350,5257,220414,15,-7.7,983810,140,64,3,21
168,344,3457,210381,14,-8.2,972722,138,64,12,25
164,362,3857,211370,14,-8.7,951408,138,64,2,16
175,341,3420,201364,13,-8.8,928094,136,64,2,18
173,371,7425,191950,13,-9,930340,136,64,9,19
173,356,3572,181942,12,-9,944869,132,65,3,10
171,365,7773,160682,11,-9.3,943568,131,64,9,15
170,370,7888,150956,11,-9.5,941436,129,65,2,10
170,373,5605,146321,11,-10.3,937043,128,65,8,15
170,371,7235,126864,10,-10.7,937120,126,65,7,17
165,374,5618,121858,10,-11.5,927137,126,65,5,17
172,383,5261,108138,9,-11.6,902875,122,65,3,16
172,376,3529,98774,8,-11.9,897076,120,65,12,16
169,381,5786,99388,9,-12.2,859555,119,65,2,10
172,401,5772,85000,8,-12.1,853017,116,65,5,14
173,401,6048,69929,7,-12,821951,115,65,21,16
177,393,4580,72080,8,-11.8,759713,113,65,7,3
171,383,4065,76351,9,-12.8,760533,115,65,14,3
168,387,4473,86392,11,-11.1,782754,123,65,5,14
173,414,4308,88285,12,-9.6,767634,123,65,16,15
175,381,3818,78285,11,-9.4,746259,113,65,14,-2
172,387,3880,77985,12,-10,769367,116,64,6,4
169,399,2305,77955,12,-10.4,785719,117,64,8,13
174,387,3114,69925,11,-10.2,806492,118,64,13,11
169,414,2389,64165,10,-9.9,826710,122,64,8,18
176,432,2103,59305,9,-8.6,850854,117,64,5,26
171,382,3836,49295,8,-8.5,823870,113,64,5,22
170,372,3541,39795,7,-8.6,785539,108,64,3,24
163,389,2345,33785,6,-9.1,783485,106,64,5,24
158,378,2297,27715,5,-10.7,762688,103,64,3,20
164,331,2362,20540,4,-13.6,745691,101,64,3,18
168,402,2054,24300,4,-13.6,754419,103,64,27,24
163,423,3263,25090,4,-12.5,797025,111,64,4,26
138,574,1161,23080,3,-10.7,785018,111,64,5,30
160,466,2677,27980,3,-6.9,791537,113,64,54,28
154,464,4112,53240,4,-8.1,729889,127,63,9,31
160,407,3464,44750,3,-8.7,711829,127,63,26,25
158,401,4270,34120,2,-11.1,656378,125,62,18,25
171,415,8948,12610,1,-9.2,607195,114,63,10,16
165,407,5139,0,0,-2.6,583356,113,63,207,10
159,429,4309,58520,4,-3.9,742882,119,61,68,13
164,397,1378,106380,9,-1.4,981390,168,61,5,24
167,362,5451,91330,8,-1.1,942172,163,61,3,26
159,384,7692,71320,7,-1.1,913431,166,61,14,26
159,401,8041,54620,7,-1.5,927750,174,61,3,31
170,356,3561,44620,6,-0.8,916082,173,61,2,32
149,426,2812,38030,5,-0.6,899557,172,61,2,29
159,391,5871,23030,4,-0.1,887446,170,61,1,26
151,383,1496,19130,3,-1.1,876300,170,61,3,24
147,412,2408,13300,2,-2.5,867245,170,61,2,24
155,381,3815,3300,1,-5.5,855316,171,61,74,22
162,392,1004,0,0,-1.2,548503,126,60,172,18
161,353,3542,172250,11,0.2,808970,90,63,3,11
159,342,1857,186840,11,0.1,809728,94,63,10,14
162,358,2157,230860,13,0.4,823988,107,63,23,17
163,375,15819,363300,26,-0.3,980696,153,62,4,12
163,349,3494,371480,27,-0.7,1005754,158,62,2,16
164,371,8390,357120,27,-0.9,991079,159,62,7,16
169,348,5231,351430,27,-0.9,1017362,154,62,7,24
162,354,5149,344010,27,-1.2,996863,159,62,8,30
158,349,5398,336970,27,-1.4,988259,152,62,3,25
155,349,3496,326970,26,-1.7,989991,153,62,18,21
169,337,7104,314440,26,-1.8,912007,151,62,3,19
155,399,3998,304440,25,-1.8,946844,148,62,3,23
159,367,7350,284440,24,-2,931157,145,62,4,25
166,333,3212,274440,23,-2,948878,140,62,3,19
161,378,11346,244440,22,-2.1,915284,137,62,2,23
156,350,3512,239220,22,-2.5,911241,134,62,4,19
165,383,7681,219220,21,-2.4,901350,128,62,1,19
152,380,3840,209140,20,-2.7,888595,126,62,3,25
154,381,3625,203260,20,-2.9,893311,118,62,1,22
162,382,7666,183250,19,-2.9,872621,116,62,2,20
149,381,3624,173750,18,-3.3,859257,111,62,1,30
158,372,5589,158740,17,-3.6,841848,109,62,3,28
152,399,3995,148740,16,-3.8,823326,101,62,3,28
153,389,4653,136800,15,-3.8,807303,99,62,2,25
154,383,3900,126630,14,-4.2,787937,94,62,1,23
158,381,5888,111190,13,-4.4,772457,92,62,3,20
161,392,3930,105780,13,-3.8,752097,84,62,1,26
159,395,5938,90770,12,-3.9,732619,82,62,2,28
156,391,3139,82750,11,-4.1,716974,78,62,1,24
158,391,4014,72500,10,-4.2,704455,75,62,3,23
159,418,2930,64340,9,-3.9,684226,69,62,1,30
165,380,3815,54320,8,-3.7,674955,67,62,2,29
164,390,3203,46120,7,-3.3,667148,65,62,1,29
164,365,3409,36800,6,-3.3,654634,65,62,11,23
164,400,2845,29700,5,-2.4,650379,58,61,4,17
159,389,3106,21740,4,-2.2,652550,55,61,15,14
160,396,3465,13020,3,-1.3,711696,46,61,27,13
154,423,2035,8220,2,0.3,779501,39,61,7,7
149,437,1587,4600,1,3.5,771083,41,61,14,7
134,466,2149,0,0,3.8,748218,48,61,196,17
